{
    "time": [
        0.0,
        10.0,
        20.0,
        30.0,
        40.0,
        50.0,
        60.0,
        70.0,
        80.0,
        90.0,
        100.0,
        110.0,
        120.0,
        130.0,
        140.0,
        150.0,
        160.0,
        170.0,
        180.0,
        190.0
    ],
    "components": {
        "reach1": {
            "H": [
                [
                    5.0,
                    5.520789229449854,
                    6.041578458899709
                ],
                [
                    5.000000000000006,
                    5.414169914614393,
                    5.843274749518421
                ],
                [
                    5.0,
                    5.43677127816321,
                    5.8830810330689065
                ],
                [
                    5.0,
                    5.432047027750055,
                    5.875555233279297
                ],
                [
                    5.0,
                    5.433755362803786,
                    5.877311707163908
                ],
                [
                    4.999999999999997,
                    5.433847614147969,
                    5.87731588528564
                ],
                [
                    5.000000000000002,
                    5.435384818387401,
                    5.877783173215808
                ],
                [
                    5.000000000000001,
                    5.435709512955095,
                    5.878147192372038
                ],
                [
                    5.0,
                    5.436328448986699,
                    5.878481271202025
                ],
                [
                    5.000000000000002,
                    5.436902080384741,
                    5.878849653458363
                ],
                [
                    5.000000000000001,
                    5.437508283159373,
                    5.8792185551935905
                ],
                [
                    4.999999999999999,
                    5.438127410473012,
                    5.879598488986358
                ],
                [
                    5.000000000000001,
                    5.438763487839033,
                    5.879984695243172
                ],
                [
                    4.999999999999999,
                    5.439414177670847,
                    5.880376843714897
                ],
                [
                    5.0,
                    5.440078716055295,
                    5.880773084565851
                ],
                [
                    5.0,
                    5.440755632512361,
                    5.881171743457491
                ],
                [
                    5.0,
                    5.441443426170304,
                    5.881570819508226
                ],
                [
                    5.000000000000001,
                    5.44214032739218,
                    5.881968106335086
                ],
                [
                    4.999999999999999,
                    5.4428443544654606,
                    5.882361133170827
                ],
                [
                    5.000000000000001,
                    5.443553270326864,
                    5.882747157058138
                ]
            ],
            "Q": [
                [
                    0.0,
                    299.9995833686164,
                    0.0
                ],
                [
                    21.437165003120864,
                    271.25123154928696,
                    35.70636429941529
                ],
                [
                    17.229475820581502,
                    269.3384480896095,
                    43.160913269461595
                ],
                [
                    1.1490994993603927,
                    279.2507249861404,
                    38.55308351838413
                ],
                [
                    -9.491233364260157,
                    283.087739646627,
                    40.36226316523064
                ],
                [
                    -46.90937852220425,
                    313.35265785267353,
                    15.787080006315758
                ],
                [
                    -62.53155470113439,
                    320.1701185387438,
                    15.942270451861146
                ],
                [
                    -79.06377080883468,
                    327.355672921529,
                    15.879951447285512
                ],
                [
                    -96.24107245680976,
                    334.6142166793764,
                    15.90817319178758
                ],
                [
                    -114.20388493573768,
                    342.0706000269073,
                    15.900318170703342
                ],
                [
                    -132.92835384320415,
                    349.6788317982148,
                    15.906577006671949
                ],
                [
                    -152.4561750543394,
                    357.46034360280476,
                    15.90741609153864
                ],
                [
                    -172.8044643761252,
                    365.41055228298274,
                    15.910251503016587
                ],
                [
                    -194.00038174562178,
                    373.5347411336256,
                    15.912321755650565
                ],
                [
                    -216.06814477046373,
                    381.8345863021759,
                    15.914632006813727
                ],
                [
                    -239.033825666434,
                    390.3131193902591,
                    15.916818113793774
                ],
                [
                    -262.92363342423147,
                    398.9729349617712,
                    15.91900291987962
                ],
                [
                    -287.76453927877947,
                    407.81682779286916,
                    15.921137154244903
                ],
                [
                    -313.5840745979277,
                    416.8475715200867,
                    15.923229405766937
                ],
                [
                    -340.4104166652247,
                    426.06799563457747,
                    15.925267184989664
                ]
            ]
        },